5021072,BELPRE  138 KV  T1,Ohio Power Company
5021073,BELPRE  138 KV  T2,Ohio Power Company 
5021136,CORNER  138 KV  T1,Ohio Power Company 
5021148,DEGUSSA 138 KV  DEGUSSA,Ohio Power Company 
5021157,DUCKCREE138 KV  T1,Ohio Power Company 
5021184,ELKEM   138 KV  T1,Ohio Power Company 
5021238,GOODRICH138 KV  T1,Ohio Power Company 
5021245,GORSUCH 138 KV  SS LOAD,Ohio Power Company 
5021265,HARMARHI138 KV  T1,Ohio Power Company 
5021334,LAYMAN  138 KV  T1,Ohio Power Company 
5021476,PORTERFI138 KV  T1,Ohio Power Company 
5021489,RENO    138 KV  T1,Ohio Power Company 
5021497,RIVERVIE138 KV  T1,Ohio Power Company 
5021498,RIVERVIE138 KV  T2,Ohio Power Company 
5021517,SHELL   138 KV  T1,Ohio Power Company 
5021518,SHELL   138 KV  T2,Ohio Power Company 
5021611,WOLFCREE138 KV  T1,Ohio Power Company 
32410471,18THSTHT69 KV   T1,Ohio Power Company 
32410485,ACADEMIA138 KV  T1,Ohio Power Company 
32410497,AIRCO8  138 KV  T1,Ohio Power Company 
32410535,APPLECRE138 KV  T1,Ohio Power Company 
32410539,APPLEVAL138 KV  T6,Ohio Power Company 
32410549,ASTOR   138 KV  T1,Ohio Power Company 
32410551,ASTOR   138 KV  T2,Ohio Power Company 
32410573,BCADDISN138 KV  T1,Ohio Power Company 
32410575,BEATTY  138 KV  T1,Ohio Power Company 
32410577,BEATTY  138 KV  T2,Ohio Power Company 
32410579,BEATTY  138 KV  T5,Ohio Power Company 
32410581,BEATTY  138 KV  T6,Ohio Power Company 
32410593,BELDENVI138 KV  T1,Ohio Power Company 
32410595,BELDENVI138 KV  T2,Ohio Power Company 
32410627,BENTONVI69 KV   T1,Ohio Power Company 
32410629,BENTONVI69 KV   T2,Ohio Power Company 
32410635,BETHEL2 138 KV  T1,Ohio Power Company 
32410637,BETHEL2 138 KV  T2,Ohio Power Company 
32410639,BETHEL2 138 KV  T3,Ohio Power Company 
32410649,BEXLEY  138 KV  T1,Ohio Power Company 
32410651,BEXLEY  138 KV  T2,Ohio Power Company 
32410653,BEXLEY  138 KV  T3,Ohio Power Company 
32410667,BIXBY   138 KV  T3,Ohio Power Company 
32410669,BIXBY   138 KV  T4,Ohio Power Company 
32410673,BLACKLIC138 KV  T2,Ohio Power Company 
32410679,BLENDON 138 KV  T1,Ohio Power Company 
32410691,BOLIVAR 138 KV  T1,Ohio Power Company 
32410715,BRIDGEV2138 KV  T1,Ohio Power Company 
32410721,BROADACR138 KV  T1,Ohio Power Company 
32410723,BROOKFIE138 KV  T1,Ohio Power Company 
32410725,BROOKFIE138 KV  T2,Ohio Power Company 
32410727,BROOKSDE138 KV  T1,Ohio Power Company 
32410749,BUCKEYE 138 KV  T1,Ohio Power Company 
32410751,BUCKEYE 138 KV  T2,Ohio Power Company 
32410755,BUCKLEYR138 KV  T1,Ohio Power Company 
32410757,BUCKSKIN69 KV   T1,Ohio Power Company 
32410785,CALDWELL138 KV  T1,Ohio Power Company 
32410787,CALDWELL138 KV  T2,Ohio Power Company 
32410793,CANALAEP138 KV  T1,Ohio Power Company 
32410795,CANALAEP138 KV  T2,Ohio Power Company 
32410797,CANALAEP138 KV  T3,Ohio Power Company 
32410803,CANNELVI138 KV  T1,Ohio Power Company 
32410827,CARROLGR69 KV   T1,Ohio Power Company 
32410829,CARROLLT138 KV  T1,Ohio Power Company 
32410831,CARROLLT138 KV  T2,Ohio Power Company 
32410847,CEHAMMON69 KV   T1,Ohio Power Company 
32410859,CHATFIEL138 KV  T1,Ohio Power Company 
32410891,CIRCLEGR69 KV   CSPRINGF,Ohio Power Company 
32410893,CIRCLEVI138 KV  T1,Ohio Power Company 
32410895,CIRCLEVI138 KV  T2,Ohio Power Company 
32410897,CIRCLEVI138 KV  T3,Ohio Power Company 
32410901,CITYJACK138 KV  T1,Ohio Power Company 
32410923,CLINTOCS138 KV  T2,Ohio Power Company 
32410925,CLINTOCS138 KV  T3,Ohio Power Company 
32410935,CODOVER 138 KV  T1,Ohio Power Company 
32410937,CODOVER 138 KV  T2,Ohio Power Company 
32410963,CONEPREP138 KV  T1,Ohio Power Company 
32410965,CONESVIL138 KV  LAUX,Ohio Power Company 
32410967,CONESVIL138 KV  SI&MCO,Ohio Power Company 
32410983,CORWIN  138 KV  T1,Ohio Power Company 
32410985,CORWIN  138 KV  T2,Ohio Power Company 
32411001,CPORTSMO138 KV  T2,Ohio Power Company 
32411003,CROOKSVI138 KV  T1,Ohio Power Company 
32411011,CTYBRYAN138 KV  T1,Ohio Power Company 
32411013,CTYBRYAN138 KV  T2,Ohio Power Company 
32411049,DAVIDSON138 KV  T1,Ohio Power Company 
32411051,DAVIDSON138 KV  T2,Ohio Power Company 
32411075,DELANO  138 KV  T1,Ohio Power Company 
32411077,DELANORD138 KV  T1,Ohio Power Company 
32411091,DELAWARE138 KV  T1,Ohio Power Company 
32411093,DELAWARE138 KV  T2,Ohio Power Company 
32411095,DELAWARE138 KV  T3,Ohio Power Company 
32411097,DELAWARE138 KV  T4,Ohio Power Company 
32411119,DOGWOODR138 KV  T1,Ohio Power Company 
32411123,DOWHANGR69 KV   T1,Ohio Power Company 
32411125,DOWHANGR69 KV   T2,Ohio Power Company 
32411143,DUPONTCS138 KV  T1,Ohio Power Company 
32411145,DUPONTCS138 KV  T2,Ohio Power Company 
32411151,EASTTOWN138 KV  T1,Ohio Power Company 
32411155,EBEAVER 138 KV  T1,Ohio Power Company 
32411157,EBROAD  138 KV  T1,Ohio Power Company 
32411159,EBROAD  138 KV  T2,Ohio Power Company 
32411177,ELEIPSIC138 KV  T3,Ohio Power Company 
32411181,ELIVE2ND69 KV   T1,Ohio Power Company 
32411183,ELIVE2ND69 KV   T2,Ohio Power Company 
32411185,ELIVEREE69 KV   T1,Ohio Power Company 
32411211,ENEWCONC138 KV  T1,Ohio Power Company 
32411215,EPOINT  138 KV  T1,Ohio Power Company 
32411219,EPROCTOR138 KV  T1,Ohio Power Company 
32411227,ESIDELI&M138 KV  T1,Ohio Power Company 
32411233,EWOOSTER138 KV  T1,Ohio Power Company 
32411241,FAIRCRES138 KV  T1,Ohio Power Company 
32411247,FAYETTE 138 KV  T1,Ohio Power Company 
32411265,FIFTHAVE138 KV  T1,Ohio Power Company 
32411267,FINDLAYC138 KV  T1,Ohio Power Company 
32411269,FISHER  138 KV  T1,Ohio Power Company 
32411271,FISHER  138 KV  T2,Ohio Power Company 
32411293,FORD    138 KV  T1,Ohio Power Company 
32411295,FORD    138 KV  T2,Ohio Power Company 
32411317,FRAZEYB 138 KV  T1,Ohio Power Company 
32411319,FREMNT  138 KV  T1,Ohio Power Company 
32411333,FULTON  138 KV  T1,Ohio Power Company 
32411335,GAHANNA 138 KV  T1,Ohio Power Company 
32411337,GAHANNA 138 KV  T2,Ohio Power Company 
32411339,GAHANNA 138 KV  T3,Ohio Power Company 
32411341,GAHANNA 138 KV  T4,Ohio Power Company 
32411355,GAVINAEP138 KV  DWAS,Ohio Power Company 
32411357,GAVINAEP138 KV  IAAS,Ohio Power Company 
32411367,GAY     138 KV  T1,Ohio Power Company 
32411369,GAY     138 KV  T2,Ohio Power Company 
32411371,GAY     138 KV  T3,Ohio Power Company 
32411373,GENOA   138 KV  T1,Ohio Power Company 
32411375,GENOA   138 KV  T2,Ohio Power Company 
32411377,GENOA   138 KV  T4,Ohio Power Company 
32411385,GESUPER 138 KV  T1,Ohio Power Company 
32411387,GINATCRE69 KV   PLYHGTS,Ohio Power Company 
32411393,GLENMOOR69 KV   T1,Ohio Power Company 
32411395,GMBETHEL138 KV  T1,Ohio Power Company 
32411397,GMCHANDL138 KV  T1,Ohio Power Company 
32411439,GRIFFIN 138 KV  T1T2T3,Ohio Power Company 
32411441,GROVES  138 KV  T3,Ohio Power Company 
32411443,GROVES  138 KV  T4,Ohio Power Company 
32411445,GROVES  138 KV  T7,Ohio Power Company 
32411447,GROVES  138 KV  T8,Ohio Power Company 
32411461,HALL    138 KV  T1,Ohio Power Company 
32411463,HALL    138 KV  T2,Ohio Power Company 
32411465,HAMMONDS69 KV   T1,Ohio Power Company 
32411467,HAMMONDS69 KV   T2,Ohio Power Company 
32411479,HANGROCK69 KV   NIRONTON,Ohio Power Company 
32411481,HANGROCK34 KV   LOAD,Ohio Power Company 
32411483,HAPCREME138 KV  T1,Ohio Power Company 
32411485,HAPCREME138 KV  T2,Ohio Power Company 
32411489,HARGUS  138 KV  T1,Ohio Power Company 
32411493,HARRISCS69 KV   PICWAY,Ohio Power Company 
32411503,HAVERHSW69 KV   T1,Ohio Power Company 
32411505,HAVILAND138 KV  T2,Ohio Power Company 
32411507,HAVILAND138 KV  T3,Ohio Power Company 
32411509,HAVILAND138 KV  T4,Ohio Power Company 
32411521,HEATH   138 KV  T4,Ohio Power Company 
32411523,HEATH   138 KV  T5,Ohio Power Company 
32411525,HESS    138 KV  T1,Ohio Power Company 
32411527,HESS    138 KV  T2,Ohio Power Company 
32411529,HESS    138 KV  T3,Ohio Power Company 
32411531,HESS    138 KV  T4,Ohio Power Company 
32411543,HIGHLACS69 KV   DUCKWALL,Ohio Power Company 
32411545,HIGHLACS69 KV   T1,Ohio Power Company 
32411547,HIGHLACS69 KV   T2,Ohio Power Company 
32411559,HILLVIEW138 KV  T1,Ohio Power Company 
32411585,HOLTSW  69 KV   CARROLCO,Ohio Power Company 
32411621,HUNTLEY2138 KV  T1,Ohio Power Company 
32411623,HUNTLEY2138 KV  T3,Ohio Power Company 
32411625,HUNTLEY2138 KV  T4,Ohio Power Company 
32411627,HUNTLEY2138 KV  T5,Ohio Power Company 
32411631,HWBUCKHO138 KV  T1,Ohio Power Company 
32411731,KARL    138 KV  T1,Ohio Power Company 
32411733,KARL    138 KV  T2,Ohio Power Company 
32411735,KARL    138 KV  T3,Ohio Power Company 
32411739,KENNY   138 KV  T1,Ohio Power Company 
32411741,KENNY   138 KV  T2,Ohio Power Company 
32411759,KIRK    138 KV  T1,Ohio Power Company 
32411761,KIRK    138 KV  T2,Ohio Power Company 
32411767,KOTCOAL 69 KV   T1,Ohio Power Company 
32411797,LATTAVIL69 KV   T1,Ohio Power Company 
32411815,LICK    138 KV  T1,Ohio Power Company 
32411817,LICK    138 KV  T2,Ohio Power Company 
32411819,LICK    138 KV  T3,Ohio Power Company 
32411835,LINWORTH138 KV  T2,Ohio Power Company 
32411837,LINWORTH138 KV  T3,Ohio Power Company 
32411853,LRBLADEN138 KV  T1,Ohio Power Company 
32411855,LSII    138 KV  T1,Ohio Power Company 
32411857,LSII    138 KV  T2,Ohio Power Company 
32411859,LUCENT  138 KV  TA,Ohio Power Company 
32411861,LUCENT  138 KV  TB,Ohio Power Company 
32411865,LYNNST  138 KV  T1,Ohio Power Company 
32411875,MALVERN 138 KV  T1,Ohio Power Company 
32411877,MALVERN 138 KV  T3,Ohio Power Company 
32411883,MARION2 138 KV  T4,Ohio Power Company 
32411885,MARION2 138 KV  T5,Ohio Power Company 
32411887,MARION2 138 KV  T6,Ohio Power Company 
32411907,MCCOMB  138 KV  T1,Ohio Power Company 
32411909,MCCOMB  138 KV  T2,Ohio Power Company 
32411943,MEIGS1  138 KV  T1,Ohio Power Company 
32411945,MEIGS2  138 KV  T1,Ohio Power Company 
32411947,MEIGS31 138 KV  T1,Ohio Power Company 
32411949,MEIGS31 138 KV  T2,Ohio Power Company 
32411951,MEIGSCS 69 KV   T1,Ohio Power Company 
32411955,MERCERBU138 KV  T1,Ohio Power Company 
32411967,MIFFLIN 138 KV  T1,Ohio Power Company 
32411969,MIFFLIN 138 KV  T2,Ohio Power Company 
32411971,MILESAVE138 KV  T1,Ohio Power Company 
32411973,MILLBROO138 KV  T6,Ohio Power Company 
32411975,MILLBROO69 KV   ASHLEY,Ohio Power Company 
32411977,MILLBROO69 KV   SILOAM,Ohio Power Company 
32411979,MILLBROO34 KV   NBOSTONC,Ohio Power Company 
32411981,MILLBROO34 KV   NWSW,Ohio Power Company 
32411983,MILLBROO34 KV   OFFNERE,Ohio Power Company 
32411985,MILLBROO34 KV   SCIOTOTR,Ohio Power Company 
32411987,MILLBROO34 KV   T3,Ohio Power Company 
32411989,MILLERSP138 KV  T1,Ohio Power Company 
32411993,MILLSPRI138 KV  T1,Ohio Power Company 
32411995,MILLWOO2138 KV  T1,Ohio Power Company 
32412027,MORSE   138 KV  T1,Ohio Power Company 
32412029,MORSE   138 KV  T2,Ohio Power Company 
32412035,MOUND   138 KV  T1,Ohio Power Company 
32412037,MOUND   138 KV  T2,Ohio Power Company 
32412049,MULBERRY138 KV  T1,Ohio Power Company 
32412051,MULBERRY138 KV  T2,Ohio Power Company 
32412061,MUSKING2138 KV  GLOBEMET,Ohio Power Company 
32412063,MWBLOOMF138 KV  T1,Ohio Power Company 
32412065,MWROCKPO138 KV  T1,Ohio Power Company 
32412083,NCROWNCI138 KV  T1,Ohio Power Company 
32412085,NDELPHOS138 KV  T1,Ohio Power Company 
32412087,NECANTON138 KV  T1,Ohio Power Company 
32412089,NEFINDLA138 KV  T1,Ohio Power Company 
32412091,NEWARKCE138 KV  T1,Ohio Power Company 
32412111,NEWLIBER138 KV  T1,Ohio Power Company 
32412113,NEWLIBER138 KV  T2,Ohio Power Company 
32412115,NEWLIBER138 KV  T3,Ohio Power Company 
32412119,NEWMARK269 KV   T1,Ohio Power Company 
32412121,NFAIRFIE138 KV  T1T2,Ohio Power Company 
32412123,NFINDLAY138 KV  T1,Ohio Power Company 
32412125,NFINDLAY138 KV  T2,Ohio Power Company 
32412127,NHAVERHI69 KV   ARISTEC1,Ohio Power Company 
32412129,NHAVERHI69 KV   ARISTEC2,Ohio Power Company 
32412141,NLEXINGT138 KV  T1,Ohio Power Company 
32412143,NMUSKING138 KV  T1,Ohio Power Company 
32412145,NNEWARK 138 KV  T1,Ohio Power Company 
32412147,NNEWARK 138 KV  T2,Ohio Power Company 
32412159,NPORTSMO138 KV  T1,Ohio Power Company 
32412161,NSTRASBU138 KV  T1,Ohio Power Company 
32412163,NWALDO  138 KV  T1,Ohio Power Company 
32412165,NWELLSVL69 KV   T1,Ohio Power Company 
32412167,NWLI&MA  138 KV  T1,Ohio Power Company 
32412169,NWOODCOC138 KV  T1,Ohio Power Company 
32412171,NZANESVI138 KV  T1,Ohio Power Company 
32412195,ORDNANCE138 KV  T1,Ohio Power Company 
32412197,ORDNANCE138 KV  T2,Ohio Power Company 
32412199,ORDNANCE138 KV  T3,Ohio Power Company 
32412215,OSU     138 KV  T1,Ohio Power Company 
32412217,OSU     138 KV  T2,Ohio Power Company 
32412225,PANHANDL69 KV   T1,Ohio Power Company 
32412229,PATRIOT 138 KV  T1,Ohio Power Company 
32412243,PETERSCS69 KV   T1,Ohio Power Company 
32412247,PICKERI2138 KV  T1,Ohio Power Company 
32412281,POLARIS 138 KV  T1,Ohio Power Company 
32412285,POSTON  138 KV  T1,Ohio Power Company 
32412287,POSTON  138 KV  T2,Ohio Power Company 
32412289,POWELSON138 KV  T1,Ohio Power Company 
32412291,PPBASELN138 KV  T1,Ohio Power Company 
32412301,PROMWAY 138 KV  T1,Ohio Power Company 
32412303,PROMWAY 138 KV  T2,Ohio Power Company 
32412317,RAVEN   69 KV   T1,Ohio Power Company 
32412327,REEDURBA138 KV  T1,Ohio Power Company 
32412329,REEDURBA138 KV  T2,Ohio Power Company 
32412335,REPUBLIC138 KV  T1,Ohio Power Company 
32412337,REPUBLIC138 KV  T2,Ohio Power Company 
32412339,REPUBLIC138 KV  T3,Ohio Power Company 
32412365,RIO     138 KV  T1,Ohio Power Company 
32412393,ROBERTS213 KV   T3,Ohio Power Company 
32412395,ROBERTS213 KV   T4,Ohio Power Company 
32412411,ROCKHILL138 KV  T4,Ohio Power Company 
32412413,ROCKHILL34 KV   BLUELICK,Ohio Power Company 
32412415,ROCKHILL34 KV   DANACORP,Ohio Power Company 
32412417,ROCKHILL34 KV   ELIZABET,Ohio Power Company 
32412419,ROCKHILL34 KV   JONESCTY,Ohio Power Company 
32412421,ROCKHILL34 KV   LOAD,Ohio Power Company 
32412423,ROCKHILL34 KV   MWELIDA,Ohio Power Company 
32412425,ROCKHILL34 KV   NEUBRECH,Ohio Power Company 
32412427,ROCKHILL34 KV   ROBBAVEN,Ohio Power Company 
32412429,ROCKHILL34 KV   WRIGHTEX,Ohio Power Company 
32412439,ROSS    69 KV   CMPSHERM,Ohio Power Company 
32412441,ROSS    69 KV   GINGER,Ohio Power Company 
32412443,ROSS    69 KV   MEAD,Ohio Power Company 
32412445,ROSS    12 KV   T1,Ohio Power Company 
32412447,ROSS    12 KV   T2,Ohio Power Company 
32412463,RUTLAND 138 KV  T1,Ohio Power Company 
32412477,SAWMILL 138 KV  T1,Ohio Power Company 
32412479,SAWMILL 138 KV  T2,Ohio Power Company 
32412481,SAWMILL 138 KV  T3,Ohio Power Company 
32412483,SBALTI&MO138 KV  T1,Ohio Power Company 
32412487,SBLOOMIN138 KV  T1,Ohio Power Company 
32412505,SCALCUTT69 KV   CALCUTTA,Ohio Power Company 
32412507,SCANTON2138 KV  T2,Ohio Power Company 
32412509,SCENTRAL138 KV  T1,Ohio Power Company 
32412517,SCIOTOTR138 KV  T2,Ohio Power Company 
32412521,SCIOTOVI69 KV   T1,Ohio Power Company 
32412523,SCIPPO  138 KV  T1,Ohio Power Company 
32412527,SCOSHOCT138 KV  T1,Ohio Power Company 
32412539,SCUMBERL138 KV  T2,Ohio Power Company 
32412545,SEAMAN  69 KV   T1,Ohio Power Company 
32412561,SHANNON 138 KV  T1,Ohio Power Company 
32412565,SHARPROA138 KV  T1,Ohio Power Company 
32412567,SHAWNEER138 KV  T1,Ohio Power Company 
32412569,SHAWNEER138 KV  T2,Ohio Power Company 
32412575,SHELBYAEP Ohio138 KV  T1,Ohio Power Company 
32412581,SHICKSVI138 KV  T1,Ohio Power Company 
32412587,SINKINGS138 KV  T1,Ohio Power Company 
32412601,SLANCAST138 KV  T1,Ohio Power Company 
32412603,SLANCAST138 KV  T2,Ohio Power Company 
32412605,SLATE   69 KV   T1,Ohio Power Company 
32412607,SLUCASVI138 KV  T1,Ohio Power Company 
32412621,SMILLERS138 KV  T1,Ohio Power Company 
32412637,SOMERTON138 KV  T1,Ohio Power Company 
32412647,SPOINT  138 KV  T1,Ohio Power Company 
32412649,SPOINT  138 KV  T2,Ohio Power Company 
32412651,SPOINT  138 KV  T4,Ohio Power Company 
32412653,SPOINT  138 KV  T6,Ohio Power Company 
32412687,STATEAEP OhioC69 KV   T1,Ohio Power Company 
32412691,STCLAIR2138 KV  T2,Ohio Power Company 
32412693,STCLAIR2138 KV  T3,Ohio Power Company 
32412695,STCLAIRA69 KV   T1,Ohio Power Company 
32412697,STELZER 138 KV  T1,Ohio Power Company 
32412699,STELZER 138 KV  T2,Ohio Power Company 
32412709,STEUBENV138 KV  T1,Ohio Power Company 
32412711,STGEORG 69 KV   T1,Ohio Power Company 
32412737,STORONT269 KV   EUCLITAP,Ohio Power Company 
32412739,STORONT269 KV   SUNSETAP,Ohio Power Company 
32412743,STRATTON69 KV   T1,Ohio Power Company 
32412745,STROUDSR138 KV  T1,Ohio Power Company 
32412747,STROUDSR138 KV  T2,Ohio Power Company 
32412761,SUGARCAEP Ohio138 KV  CBX,Ohio Power Company 
32412769,SULPHURS138 KV  T1,Ohio Power Company 
32412771,SUMMERFI138 KV  T1,Ohio Power Company 
32412777,SUNBURY2138 KV  T1,Ohio Power Company 
32412781,SUNNYSAEP Ohio138 KV  T4,Ohio Power Company 
32412783,SUNNYSAEP Ohio138 KV  T5,Ohio Power Company 
32412785,SUNNYSAEP Ohio138 KV  T6,Ohio Power Company 
32412801,TAYLOR2 138 KV  T1,Ohio Power Company 
32412817,TEXASBER138 KV  T1,Ohio Power Company 
32412819,TEXASBER138 KV  T2,Ohio Power Company 
32412821,TEXASEAS138 KV  T1,Ohio Power Company 
32412823,TEXASEAS138 KV  T2,Ohio Power Company 
32412825,THAYER  138 KV  T1,Ohio Power Company 
32412839,TIDD_AEP138 KV  T12,Ohio Power Company 
32412843,TILLMAN 138 KV  T1,Ohio Power Company 
32412847,TI&MKEN  138 KV  T1,Ohio Power Company 
32412849,TI&MKEN  138 KV  T2,Ohio Power Company 
32412851,TI&MKEN  138 KV  T3,Ohio Power Company 
32412855,TORREY  138 KV  T1,Ohio Power Company 
32412857,TORREY  138 KV  T2,Ohio Power Company 
32412859,TORREY  138 KV  T4,Ohio Power Company 
32412863,TRABUE  138 KV  T1,Ohio Power Company 
32412865,TRABUE  138 KV  T2,Ohio Power Company 
32412867,TRABUE  138 KV  T3,Ohio Power Company 
32412871,TRENT   138 KV  T1,Ohio Power Company 
32412901,URWNEWTN138 KV  T1,Ohio Power Company 
32412921,VINE    138 KV  T1,Ohio Power Company 
32412923,VINE    138 KV  T2,Ohio Power Company 
32412925,VINE    138 KV  T3,Ohio Power Company 
32412931,WAGENHAL138 KV  T1,Ohio Power Company 
32412933,WAGENHAL138 KV  T2,Ohio Power Company 
32412935,WAGENHAL138 KV  T3,Ohio Power Company 
32412937,WAKEFIEL138 KV  T1,Ohio Power Company 
32412955,WATERFOR345 KV  C5C6,Ohio Power Company 
32412957,WATERFOR345 KV  C7C8,Ohio Power Company 
32412959,WATERLOO138 KV  T1,Ohio Power Company 
32412965,WAVERLY2138 KV  T1,Ohio Power Company 
32412967,WAVERLY2138 KV  T2,Ohio Power Company 
32412973,WAYVIEW 138 KV  T1,Ohio Power Company 
32412975,WAYVIEW 138 KV  T2,Ohio Power Company 
32412981,WCAMBRI2138 KV  T1,Ohio Power Company 
32412985,WCANTON 138 KV  T1,Ohio Power Company 
32412987,WCANTON 138 KV  T2,Ohio Power Company 
32412989,WCANTON 138 KV  T3,Ohio Power Company 
32413013,WHEBRON 138 KV  T1,Ohio Power Company 
32413015,WHEELERS69 KV   T1,Ohio Power Company 
32413017,WHEELSTE138 KV  T1,Ohio Power Company 
32413033,WILDCREE138 KV  T1,Ohio Power Company 
32413035,WILKSVIL138 KV  T1,Ohio Power Company 
32413041,WILSONCS138 KV  T1,Ohio Power Company 
32413043,WILSONCS138 KV  T2,Ohio Power Company 
32413045,WILSONCS138 KV  T3,Ohio Power Company 
32413047,WINDSOAEP Ohio138 KV  T1,Ohio Power Company 
32413053,WLANCAST138 KV  T1,Ohio Power Company 
32413055,WLANCAST138 KV  T2,Ohio Power Company 
32413059,WLI&MA   138 KV  T1,Ohio Power Company 
32413061,WLI&MA   138 KV  T2,Ohio Power Company 
32413063,WMILBURG138 KV  T1,Ohio Power Company 
32413065,WMOULTON69 KV   LOAD,Ohio Power Company 
32413067,WMOULTON69 KV   SKOSSUTH,Ohio Power Company 
32413069,WMOULTON69 KV   WAPAKONE,Ohio Power Company 
32413071,WMOULTON12 KV   LOAD,Ohio Power Company 
32413073,WMTVERNO138 KV  T1,Ohio Power Company 
32413075,WNEWPHIL138 KV  T1,Ohio Power Company 
32413079,WNEWPHIL138 KV  T3,Ohio Power Company 
32413083,WOODLAWN138 KV  T1,Ohio Power Company 
32413085,WOOSTER 138 KV  T1,Ohio Power Company 
32413091,WPHILO  138 KV  T1,Ohio Power Company 
32413099,WTORONTO69 KV   T1,Ohio Power Company 
32413101,WTRINWAY138 KV  T1,Ohio Power Company 
32413119,YEARLING138 KV  T1,Ohio Power Company 
32413121,YEARLING138 KV  T2,Ohio Power Company 
32413125,ZUBER   138 KV  T1,Ohio Power Company 
32413127,BELLEVI2138 KV  LOAD,Ohio Power Company 
32413149,CITY    138 KV  LOAD,Ohio Power Company 
32413151,SOUTHERL69 KV   A,Ohio Power Company 
32413157,ORMET   138 KV  ORMET,Ohio Power Company 
32413159,AMPOR   138 KV  LOAD,Ohio Power Company 
32413161,CITYSTMA138 KV  LOAD,Ohio Power Company 
38367849,OBETZ   138 KV  XT1,Ohio Power Company 
40243235,BLENDON 138 KV  T2,Ohio Power Company 
40243237,CORRIDOR138 KV  TR3,Ohio Power Company 
40243239,POLARIS 138 KV  T2,Ohio Power Company 
40243245,MILTONSW138 KV  T1 LOAD,Ohio Power Company 
40243247,CURVERD 138 KV  T1 LOAD,Ohio Power Company 
40243249,NEGLEY  138 KV  T1 LOAD,Ohio Power Company 
40243251,PACKARD2138 KV  T1 LOAD,Ohio Power Company 
40243253,DUBLIN  138 KV  T1 LOAD,Ohio Power Company 
40243255,DUBLIN  138 KV  T2 LOAD,Ohio Power Company 
40243257,DUBLIN  138 KV  T3 LOAD,Ohio Power Company 
40243259,BALLHOLL138 KV  T1 LOAD,Ohio Power Company 
41935423,HOCKING 138 KV  T1,Ohio Power Company 
41935425,JNCTCITY138 KV  T1,Ohio Power Company 
47012207,MILL AEP138 KV  T1,Ohio Power Company 
47012209,MILL AEP138 KV  T2,Ohio Power Company 
47012211,MILL AEP138 KV  T3,Ohio Power Company 
47012213,MILL AEP138 KV  T4,Ohio Power Company 
47012221,SCOTTOWN138 KV  T-1,Ohio Power Company 
48933985,BERKSHI2138 KV  T1,Ohio Power Company 
48933989,GENOA   138 KV  T5,Ohio Power Company 
48933991,ITALIANV138 KV  XFM1,Ohio Power Company 
48933993,ITALIANV138 KV  XFM2,Ohio Power Company 
48933995,KI&MBERLY138 KV  T1,Ohio Power Company 
48933997,KI&MBERLY138 KV  T2,Ohio Power Company 
48934001,NBELLVIL138 KV  T1,Ohio Power Company 
48934007,NEWLIBER138 KV  T4,Ohio Power Company 
48934011,SPENCERD138 KV  BUCKCOAL,Ohio Power Company 
48934013,WHITERD 138 KV  T1,Ohio Power Company 
48934083,MIDD DAY138 KV  BK-1,Ohio Power Company 
51519917,OSU     138 KV  T3,Ohio Power Company 
51519919,TIDD_AEP138 KV  T13,Ohio Power Company 
51519921,TIDD_AEP138 KV  T14,Ohio Power Company 
51519923,TIDD_AEP138 KV  T301,Ohio Power Company 
51519925,TI&MKEN  138 KV  T4,Ohio Power Company 
53048717,CENTERBU138 KV  CENTERBU,Ohio Power Company 
53048721,ROZELLE 138 KV  T1,Ohio Power Company 
57967541,DELAWARE138 KV  PARK,Ohio Power Company 
61482245,HANTHORN138 KV  GOE,Ohio Power Company 
61482247,JEHUBRAN138 KV  E,Ohio Power Company 
61482249,NHAVERHI69 KV   SUN COKE,Ohio Power Company 
61482257,TIDD_AEP138 KV  FGD A,Ohio Power Company 
61482259,TIDD_AEP138 KV  FGD B,Ohio Power Company 
63381269,BLACKLIC138 KV  T3,Ohio Power Company 
63381271,MALISZEW138 KV  T5,Ohio Power Company 
63381273,PROGRESS138 KV  T1,Ohio Power Company 
65732129,PROGRESS138 KV  XT2 LOAD,Ohio Power Company 
65732131,STEUBENV69 KV   LOAD1,Ohio Power Company 
65732133,TIDD_AEP69 KV   LOAD1,Ohio Power Company 
67719553,BLENDON 138 KV  T3,Ohio Power Company 
67719555,CONESVIL138 KV  RAT4,Ohio Power Company 
67719557,CONESVIL138 KV  RAT5-6,Ohio Power Company 
67719571,SAWMILL 138 KV  T4,Ohio Power Company 
67719573,STRABURG138 KV  T1LOAD,Ohio Power Company 
71856505,ADENA   69 KV   T1,Ohio Power Company 
71856507,CENTALUM138 KV  LD1,Ohio Power Company 
71856509,CENTALUM138 KV  LD2,Ohio Power Company 
71856511,CENTALUM138 KV  LD3,Ohio Power Company 
71856513,CENTALUM138 KV  LD4,Ohio Power Company 
74008651,GREIF   138 KV  T1LOAD,Ohio Power Company 
74008653,GREIF   138 KV  T2LOAD,Ohio Power Company 
76427725,STI&MKEN 138 KV  LD1,Ohio Power Company 
76427727,STI&MKEN 138 KV  LD2,Ohio Power Company 
76427729,STI&MKEN 138 KV  LD3,Ohio Power Company 
76427731,STI&MKEN 138 KV  LD4,Ohio Power Company 
83734341,JUGSTRET138 KV  LD-XF1,Ohio Power Company 
93353455,WBELLAI269 KV   LD2,Ohio Power Company 
98369913,BOLINS  138 KV  T1,Ohio Power Company 
98369915,SPRNGRD1138 KV  T1,Ohio Power Company 
98369917,SPRNGRD1138 KV  T2,Ohio Power Company 
98369933,OUTERBEL138 KV  METAL,Ohio Power Company 
98369935,PATRIOTC138 KV  T1,Ohio Power Company 
98369945,WINDFALL138 KV  T-1,Ohio Power Company 
98369947,ZANESVIL138 KV  T2,Ohio Power Company 
106856773,MIFFLIN 138 KV  T3,Ohio Power Company 
106856775,REFORM  138 KV  REFORM1,Ohio Power Company 
106856777,REFORM  138 KV  REFORM2,Ohio Power Company 
106856779,WARNERSS138 KV  ALLOYS,Ohio Power Company 
112586009,LOCKHART138 KV  T1,Ohio Power Company 
123900937,DRESDEN 138 KV  LOADSS1,Ohio Power Company 
123900939,DRESDEN 138 KV  LOADSS2,Ohio Power Company 
123900941,MUSKING2138 KV  SROKEBY,Ohio Power Company 
135388697,AGAGAS1 138 KV  T1,Ohio Power Company 
135388699,AGAGAS1 138 KV  T2,Ohio Power Company 
135388707,DAWKINS 138 KV  LOAD,Ohio Power Company 
1067160676,CONESVIL26 KV   LOAD,Ohio Power Company 
1067161281,MOUNDVIL69 KV   LD,Ohio Power Company 
1067161378,OSU     138 KV  T4,Ohio Power Company 
1067161416,POLYMER 138 KV  ARMSTRNG,Ohio Power Company 
1067161739,TILTONS269 KV   LOAD,Ohio Power Company 
1067161815,WCAMPUS 138 KV  OSU7 LD,Ohio Power Company 
1067161816,WCAMPUS 138 KV  OSU8 LD,Ohio Power Company 
1067161817,WCAMPUS 138 KV  OSU9 LD,Ohio Power Company 
1067161826,WESLEY  138 KV  WESLEYLD,Ohio Power Company 
1075446302,ELEIPSIC138 KV  TR1-PRO,Ohio Power Company 
1075446303,ELEIPSIC138 KV  TR2-PRO,Ohio Power Company 
1075446304,ELEIPSIC138 KV  TR1-ELE,Ohio Power Company 
1075447409,YELLOWCR138 KV  T1,Ohio Power Company 
1075447410,YELLOWCR138 KV  T2,Ohio Power Company 
1084382729,CORWIN  138 KV  XF1,Ohio Power Company 
1084382730,CORWIN  138 KV  XF2,Ohio Power Company 
1084382851,EMERALD1138 KV  LOAD,Ohio Power Company 
1084382956,GOODHAEP OhioE138 KV  T1,Ohio Power Company 
1084383841,WAREROAD138 KV  LOADT1,Ohio Power Company 
1084383896,WILDCAT 138 KV  LOAD,Ohio Power Company 
1084383915,WMILBURG138 KV  T3,Ohio Power Company 
1084383930,WOOSTER 138 KV  TR3,Ohio Power Company 
1107281266,GAVINAEP138 KV  SS,Ohio Power Company 
1107281270,GAVINAEP69 KV   AUX,Ohio Power Company 
1123170467,CARROLLT138 KV  T3,Ohio Power Company 
1123170674,ELLIOTT 138 KV  LOAD,Ohio Power Company 
1123170694,EZANESVI69 KV   LOAD1,Ohio Power Company 
1123171031,LINDENAV69 KV   LOAD,Ohio Power Company 
1123171378,RODNEY  138 KV  BUCKEYE,Ohio Power Company 
1123171530,STERLING138 KV  T1,Ohio Power Company 
1123171531,STERLING138 KV  T2,Ohio Power Company 
1123171599,THAYER  138 KV  T2,Ohio Power Company 
1123171780,ZANESVIL69 KV   LOAD1,Ohio Power Company 
1132284306,LAWSHE  69 KV   T1,Ohio Power Company 
1132284307,PARLETSW69 KV   LOAD1,Ohio Power Company 
1132284496,CONESVIL138 KV  FGD LD1,Ohio Power Company 
1132284497,CONESVIL138 KV  FGD LD2,Ohio Power Company 
1132285137,NCOSHOCT69 KV   COSH,Ohio Power Company 
1132285189,OHIOCENT69 KV   LOAD,Ohio Power Company 
1132285386,SCOSHOCT69 KV   LOAD,Ohio Power Company 
1132285388,SCOSHOCT138 KV  T4,Ohio Power Company 
1132285414,SHELBYAEP Ohio138 KV  T2,Ohio Power Company 
1132285487,STEAMTOW138 KV  T1,Ohio Power Company 
1132285656,WCOSHOCT69 KV   COSH,Ohio Power Company 
1165470562,ADAMSAEP69 KV   T2,Ohio Power Company 
1165470563,ADAMSAEP69 KV   PEEB,Ohio Power Company 
1165470565,ADDISON 69 KV   LOAD1,Ohio Power Company 
1165471906,STEAMTOW138 KV  T2,Ohio Power Company 
1165471907,STEAMTOW138 KV  T3,Ohio Power Company 
1165472098,KENWORTH13.8 KV LOAD11,Ohio Power Company 
1165472099,BROWNHIL69 KV   ADAMS,Ohio Power Company 
1165472105,KENWORTH13.8 KV LOAD22,Ohio Power Company 
1165472137,WNEWPHIL138 KV  X4_LD,Ohio Power Company 
1183223764,AMLIN   138 KV  LD1,Ohio Power Company 
1183223807,WOLFCREE138 KV  T3,Ohio Power Company 
1207064683,CANALROA34.5 KV LOAD,Ohio Power Company 
1207064684,CANALROA69 KV   LOAD2,Ohio Power Company 
1207064685,CANALROA69 KV   LOAD1,Ohio Power Company 
1207064886,EAMSTERD69 KV   LOAD1,Ohio Power Company 
1207064931,EWOOSTER34.5 KV LOAD,Ohio Power Company 
1207064932,EWOOSTER69 KV   LOAD1,Ohio Power Company 
1207065405,MUSKING213 KV   LOAD-E,Ohio Power Company 
1207065406,MUSKING213 KV   LOAD-D,Ohio Power Company 
1207065429,NEWCOMER69 KV   LOAD1,Ohio Power Company 
1207065656,SCADIZ  69 KV   LOAD3,Ohio Power Company 
1207065657,SCADIZ  69 KV   LOAD1,Ohio Power Company 
1207065658,SCADIZ  69 KV   LOAD2,Ohio Power Company 
1207065676,SCUMBERL69 KV   LOAD1,Ohio Power Company 
1207065956,WCAMBRI269 KV   LOAD1,Ohio Power Company 
1207065964,WDOVER  69 KV   LOAD1,Ohio Power Company 
1207066021,MORELAN 69 KV   LOAD1,Ohio Power Company 
1207066026,WMILBURG69 KV   LOAD1,Ohio Power Company 
1207066041,MILLERSW69 KV   LOAD1,Ohio Power Company 
1207066048,EDOVER  69 KV   LOAD1,Ohio Power Company 
1207066049,EDOVER  69 KV   LOAD2,Ohio Power Company 
1207066050,DENNISON69 KV   LOAD1,Ohio Power Company 
1207066051,BROOMRD 69 KV   LOAD1,Ohio Power Company 
1207066053,SHREVE  69 KV   LOAD1,Ohio Power Company 
1207066054,SHREVE  69 KV   LOAD2,Ohio Power Company 
1207066055,ECAMBRID69 KV   LOAD1,Ohio Power Company 
1207066059,WNEWPHIL69 KV   LOAD1,Ohio Power Company 
1207066067,WOOSTER 69 KV   LOAD1,Ohio Power Company 
1218904493,BUCYRUSC69 KV   T2,Ohio Power Company 
1218904745,ELI&MA   69 KV   CAIRO,Ohio Power Company 
1218904814,FREMONTC69 KV   ALENDALE,Ohio Power Company 
1218904815,FREMONTC69 KV   T2,Ohio Power Company 
1218904816,FREMONTC69 KV   FREMONT2,Ohio Power Company 
1218904817,FREMONTC69 KV   CLYDE,Ohio Power Company 
1218904818,FREMONTC69 KV   FREMONT1,Ohio Power Company 
1218904878,GREENLAW69 KV   WROCKWAY,Ohio Power Company 
1218904949,HILLSBOR138 KV  SS1,Ohio Power Company 
1218904950,HILLSBOR138 KV  SS2,Ohio Power Company 
1218904970,HOWARD2 69 KV   T3,Ohio Power Company 
1218904971,HOWARD2 69 KV   WSHELBY,Ohio Power Company 
1218904972,HOWARD2 69 KV   WILLARD,Ohio Power Company 
1218905212,MILLBROO69 KV   RUHLMAN,Ohio Power Company 
1218905213,MILLBROO69 KV   OSCO,Ohio Power Company 
1218905214,MILLBROO69 KV   CORNESTN,Ohio Power Company 
1218905246,MORSE   138 KV  T3,Ohio Power Company 
1218905511,SBERWICK69 KV   CAREY,Ohio Power Company 
1218905553,SHANNON 138 KV  TR2,Ohio Power Company 
1218905573,SKENTON 69 KV   LOAD 1,Ohio Power Company 
1218905641,STIFFIN 69 KV   ETIFFIN,Ohio Power Company 
1218905831,WEFOSTOR69 KV   LUNGLEY,Ohio Power Company 
1218905832,WEFOSTOR69 KV   ARBOR,Ohio Power Company 
1218905936,SHANNON2138 KV  T1,Ohio Power Company 
1218905937,SHANNON2138 KV  SC_COAEP Ohio,Ohio Power Company 
1218905941,HIGHLND269 KV   T3,Ohio Power Company 
1218905953,EEFOSTOR69 KV   ALENDALE,Ohio Power Company 
1218905954,EEFOSTOR69 KV   UNIONCAR,Ohio Power Company 
1218905955,EEFOSTOR69 KV   LOAD1,Ohio Power Company 
1218905956,BUCYRUS 69 KV   T1,Ohio Power Company 
1218905957,FOREST3 69 KV   T3,Ohio Power Company 
1218905958,FOREST3 69 KV   SUPPERSA,Ohio Power Company 
1218905959,FOREST3 69 KV   T2,Ohio Power Company 
1218905960,UPPERSAN69 KV   T4,Ohio Power Company 
1218905961,UPPERSAN69 KV   HARPSTER,Ohio Power Company 
1218905965,RIVERVW 69 KV   T1,Ohio Power Company 
1218905966,RIVERVW 69 KV   T2,Ohio Power Company 
1218905967,DUNKIRK269 KV   T1,Ohio Power Company 
1218905968,DUNKIRK269 KV   T3,Ohio Power Company 
1218905969,KENTON2 69 KV   T1,Ohio Power Company 
1218905970,KENTON2 69 KV   T2,Ohio Power Company 
1248982793,DELANO  138 KV  HAEP OhioETOWN,Ohio Power Company 
1248982794,DELANO  138 KV  KP-7,Ohio Power Company 
1248983797,SWITZER 69 KV   CAMERON,Ohio Power Company 
1248983798,SWITZER 69 KV   POWHATAN,Ohio Power Company 
1248984091,PANDARD 138 KV  CARROLL,Ohio Power Company 
1248984092,BLUERACE138 KV  SCENTRAL,Ohio Power Company 
1248984093,ELK     138 KV  T2,Ohio Power Company 
1248984094,ELK     138 KV  T1,Ohio Power Company 
1248984095,THORNWD 138 KV  T1,Ohio Power Company 
1248984100,POLO    138 KV  POLO_LD,Ohio Power Company 
